Epoch,Train Accuracy,Validation Accuracy,Test Accuracy
0,25.755783266294163,51.71999563175713,54.11032575291947
1,79.24212365542472,83.93578682974774,84.16564228641671
