Epoch,Train Accuracy,Validation Accuracy,Test Accuracy
0,30.406057186538778,47.88140220596265,46.269975414874
1,74.2187357807182,79.93884459975975,78.11155500921942
