Epoch,Train Accuracy,Validation Accuracy,Test Accuracy
0,22.450539650182918,39.44523315496342,40.04686539643515
1,79.99381176856015,86.79698591241673,87.86877688998156
