Epoch,Train Accuracy,Validation Accuracy,Test Accuracy
0,18.86318548313707,18.5650322157912,19.549016594960047
1,25.67206013504905,43.30020749153653,40.02381684081131
