Epoch,Train Accuracy,Validation Accuracy,Test Accuracy
0,18.83224432593779,19.367696843944522,19.549016594960047
1,41.477531259669114,71.39346947690292,70.25968039336202
