Epoch,Train Accuracy,Validation Accuracy,Test Accuracy
0,18.792202828385783,18.876269520585346,19.08036263060848
1,52.190451922901914,77.6837392159004,76.97833435771358
