Epoch,Train Accuracy,Validation Accuracy,Test Accuracy
0,18.757621535045413,20.552582723599432,21.907652120467116
1,50.88364304825001,78.70481598776891,79.16410571604179
