Epoch,Train Accuracy,Validation Accuracy,Test Accuracy
0,19.334583113408442,24.675111936223654,25.05377996312231
1,69.4101159383361,80.89439772851371,78.95666871542716
