Percentage of Weights pruned,Test Accuracy
0,27.439305470190533
tensor(50.0006),46.93838352796558
