Percentage of Weights pruned,Test Accuracy
0,28.526429010448677
tensor(50.0006),35.42947141979103
