Percentage of Weights pruned,Test Accuracy
0,69.69114935464043
tensor(50.0006),80.97725875845113
tensor(75.0012),61.1939151813153
