Percentage of Weights pruned,Test Accuracy
0,27.412415488629378
tensor(50.0070),27.63521819299324
