Percentage of Weights pruned,Test Accuracy
0,23.152274124154886
tensor(50.0070),28.922095881991396
