Percentage of Weights pruned,Test Accuracy
0,25.27658266748617
tensor(50.0070),26.371389059618927
