Percentage of Weights pruned,Test Accuracy
0,20.628457283343575
tensor(50.0070),20.152120467117392
