Percentage of Weights pruned,Test Accuracy
0,21.427473878303623
tensor(50.0070),23.978180700676088
