Percentage of Weights pruned,Test Accuracy
0,23.60940381069453
tensor(50.0070),27.012907191149356
