Percentage of Weights pruned,Test Accuracy
0,19.645052243392747
tensor(50.0070),19.706515058389673
