Percentage of Weights pruned,Test Accuracy
0,24.519821757836507
tensor(50.0070),27.089735709895514
