Epoch,Train Accuracy,Validation Accuracy,Test Accuracy
0,18.794022896456326,18.952713770885662,19.549016594960047
1,19.006970860710194,18.958174074478542,19.549016594960047
