Epoch,Train Accuracy,Validation Accuracy,Test Accuracy
0,18.753981398904322,19.67893414873867,20.809004302397046
1,43.974664652458,70.25226602599105,68.23909035033805
