Epoch,Train Accuracy,Validation Accuracy,Test Accuracy
0,18.94144841017054,18.636016162498635,19.549016594960047
1,19.048832426332744,19.378617451130285,20.647664413030114
