Epoch,Train Accuracy,Validation Accuracy,Test Accuracy
0,19.980707278452215,20.84197881402206,21.673325138291332
1,39.32803086835448,62.62422190673802,64.96235402581438
