Epoch,Train Accuracy,Validation Accuracy,Test Accuracy
0,23.469777769688587,38.64802883040297,38.299016594960044
1,79.97743115592525,84.29070656328493,85.55239704978487
