Epoch,Train Accuracy,Validation Accuracy,Test Accuracy
0,31.35431265129316,72.96057660805941,74.33927473878303
1,85.86353129607048,89.77831167412909,89.83174554394591
