Epoch,Train Accuracy,Validation Accuracy,Test Accuracy
0,22.452359718253465,34.241563830949,33.98125384142593
1,61.26349125457292,75.99650540570056,75.37261831591886
