Epoch,Train Accuracy,Validation Accuracy,Test Accuracy
0,18.881386163842528,19.367696843944522,19.549016594960047
1,48.43565149336585,81.516872338102,81.71865396435156
