Epoch,Train Accuracy,Validation Accuracy,Test Accuracy
0,34.968967839397195,56.92366495577155,59.58819913952058
1,84.07986458693556,87.08092169924649,87.95328826060232
