Epoch,Train Accuracy,Validation Accuracy,Test Accuracy
0,37.51888320623192,31.358523533908482,32.00291948371235
1,80.13577707806272,84.59648356448619,84.63429625076829
