Epoch,Train Accuracy,Validation Accuracy,Test Accuracy
0,33.69492019001511,44.80725128317135,43.08927473878303
1,83.79229383178931,84.08321502675548,84.75338045482482
