Epoch,Train Accuracy,Validation Accuracy,Test Accuracy
0,30.675427260979564,54.97433657311347,53.33435771358328
1,76.71040896929546,83.94124713334061,84.20405654578978
