Percentage of Weights pruned,Test Accuracy
0,27.212661339889365
tensor(50.0015),32.60218192993239
