Percentage of Weights pruned,Test Accuracy
0,24.850184388444987
tensor(50.0015),29.1180086047941
