Percentage of Weights pruned,Test Accuracy
0,25.280424093423477
tensor(50.0015),30.401044867854942
