Percentage of Weights pruned,Test Accuracy
0,26.770897357098956
tensor(50.0015),32.264136447449296
