Percentage of Weights pruned,Test Accuracy
0,31.407498463429622
tensor(50.0015),33.96972956361401
