Percentage of Weights pruned,Test Accuracy
0,27.043638598647817
tensor(50.0015),34.53826060233558
