Percentage of Weights pruned,Test Accuracy
0.0,26.160110633066992
20.000671,30.965734480639213
