Percentage of Weights pruned,Test Accuracy
0,32.46004917025199
tensor(50.0004),34.39228641671788
