Percentage of Weights pruned,Test Accuracy
0.0,33.42040565457898
20.000671,39.42455439459127
