Percentage of Weights pruned,Test Accuracy
0,50.89889366933005
tensor(20.0007),66.17624462200368
tensor(36.0010),77.84649661954516
