Percentage of Weights pruned,Test Accuracy
0.0,31.488168408113086
20.000671,38.94821757836509
