Percentage of Weights pruned,Test Accuracy
0.0,33.12461585740626
20.000671,40.70759065765211
