Percentage of Weights pruned,Test Accuracy
0,56.18085433312845
tensor(50.0004),71.40058389674246
tensor(75.0007),78.88752304855562
