Percentage of Weights pruned,Test Accuracy
0,58.52796558082359
tensor(20.0007),71.42363245236632
tensor(36.0010),71.48125384142593
