Percentage of Weights pruned,Test Accuracy
0.0,33.827596803933616
20.000671,43.219883220651504
