Percentage of Weights pruned,Test Accuracy
0.0,29.233251382913334
20.000671,36.0479409956976
