Percentage of Weights pruned,Test Accuracy
0,28.165334972341732
tensor(50.0004),37.92255685310387
