Percentage of Weights pruned,Test Accuracy
0,30.712200368776887
tensor(50.0004),34.39228641671788
