Percentage of Weights pruned,Test Accuracy
0,54.6020282728949
tensor(20.0007),67.45159803318992
tensor(36.0010),75.29194837123539
