Percentage of Weights pruned,Test Accuracy
0,31.972188076213886
tensor(50.0004),35.636908420405646
