Percentage of Weights pruned,Test Accuracy
0,25.288106945298093
tensor(50.0015),47.02289489858635
