Percentage of Weights pruned,Test Accuracy
0,35.821296865396434
tensor(50.0015),45.954978488014746
