Percentage of Weights pruned,Test Accuracy
0,39.24016594960049
tensor(50.0015),19.56438229870928
