Percentage of Weights pruned,Test Accuracy
0,29.325445605408724
tensor(50.0015),19.53749231714812
