Percentage of Weights pruned,Test Accuracy
0,30.96957590657652
tensor(50.0015),38.506453595574676
