Percentage of Weights pruned,Test Accuracy
0,31.188537185003067
tensor(50.0015),43.05470190534726
