Percentage of Weights pruned,Test Accuracy
0,28.292102028272893
tensor(50.0004),50.437922556853096
