Percentage of Weights pruned,Test Accuracy
0,81.07329440688383
tensor(20.0007),82.11816226183159
tensor(36.0010),87.00061462814996
