Percentage of Weights pruned,Test Accuracy
0,45.91656422864167
tensor(50.0004),71.63491087891825
