Percentage of Weights pruned,Test Accuracy
0,67.04056545789797
tensor(50.0004),78.61094038106945
