Percentage of Weights pruned,Test Accuracy
0,53.038567916410564
tensor(50.0004),74.45067609096496
