Percentage of Weights pruned,Test Accuracy
0.0,23.93976644130301
20.000671,19.90242778119238
