Percentage of Weights pruned,Test Accuracy
tensor(0.),39.16333743085433
tensor(20.0007),58.647049784880146
