Percentage of Weights pruned,Test Accuracy
0.0,30.297326367547633
20.000671,47.06515058389674
