Percentage of Weights pruned,Test Accuracy
0.0,40.33497234173325
20.000671,62.13890596189305
