Percentage of Weights pruned,Test Accuracy
0.0,26.233097725875844
20.000671,33.823755377996314
