Percentage of Weights pruned,Test Accuracy
0,26.678703134603566
tensor(50.0070),29.04118008604794
