Percentage of Weights pruned,Test Accuracy
0,19.54133374308543
tensor(50.0070),19.549016594960047
