Percentage of Weights pruned,Test Accuracy
0,23.824523663183772
tensor(50.0070),23.732329440688382
