Percentage of Weights pruned,Test Accuracy
0,30.220497848801475
tensor(50.0070),32.310233558696986
