Percentage of Weights pruned,Test Accuracy
0,28.714658881376764
tensor(50.0070),31.02719729563614
