Percentage of Weights pruned,Test Accuracy
0,28.641671788567912
tensor(50.0070),29.53672403196066
