Percentage of Weights pruned,Test Accuracy
0,25.610786724031957
tensor(50.0070),29.982329440688382
