Percentage of Weights pruned,Test Accuracy
0,27.101259987707433
tensor(50.0070),31.088660110633064
