Percentage of Weights pruned,Test Accuracy
0.0,31.564996926859244
20.000671,46.369852489244
