Percentage of Weights pruned,Test Accuracy
tensor(0.),38.81760909649661
tensor(20.0007),57.928703134603566
