Percentage of Weights pruned,Test Accuracy
0.0,33.520282728948985
20.000671,50.802858020897354
