Percentage of Weights pruned,Test Accuracy
0.0,37.838045482483096
20.000671,56.54578979717271
