Percentage of Weights pruned,Test Accuracy
0.0,37.0659188690842
20.000671,55.56622618315919
