Percentage of Weights pruned,Test Accuracy
0.0,37.31561155500921
20.000671,49.42762753534111
