Percentage of Weights pruned,Test Accuracy
0.0,39.11724031960663
20.000671,55.00537799631222
