Percentage of Weights pruned,Test Accuracy
0.0,29.340811309157957
20.000671,39.07114320835894
