Percentage of Weights pruned,Test Accuracy
tensor(0.),32.56376767055931
tensor(20.0007),41.883066994468344
