Percentage of Weights pruned,Test Accuracy
0,30.212814996926856
tensor(50.0015),31.626459741856173
