Percentage of Weights pruned,Test Accuracy
0,30.804394591272278
tensor(50.0015),33.816072526121694
tensor(75.0031),37.92255685310387
