Percentage of Weights pruned,Test Accuracy
0,28.964351567301783
tensor(50.0015),31.161647203441916
