Percentage of Weights pruned,Test Accuracy
0,28.307467732022122
tensor(50.0015),30.105255070682237
