Percentage of Weights pruned,Test Accuracy
0,30.416410571604175
tensor(50.0015),30.6699446834665
