Percentage of Weights pruned,Test Accuracy
0,29.828672403196066
tensor(50.0015),30.089889366933004
