Percentage of Weights pruned,Test Accuracy
0,26.955285802089733
tensor(50.0015),30.470190534726488
