Percentage of Weights pruned,Test Accuracy
0,29.66733251382913
tensor(50.0015),30.308850645359552
