Percentage of Weights pruned,Test Accuracy
0,26.210049170252
tensor(50.0015),29.194837123540257
