Percentage of Weights pruned,Test Accuracy
0,30.424093423478794
tensor(50.0015),31.534265519360783
