Percentage of Weights pruned,Test Accuracy
0,27.865703749231713
tensor(50.0015),29.53672403196066
