Percentage of Weights pruned,Test Accuracy
0,27.116625691456665
tensor(50.0015),30.005377996312227
