,Layer 0,Layer 1,,,,,,Layer 2,,,,,,Layer 3,,,,,
,,BasicBlock 0,,BasicBlock 1,,BasicBlock 2,,BasicBlock 0,,BasicBlock 1,,BasicBlock 2,,BasicBlock 0,,BasicBlock 1,,BasicBlock 2,
,conv. 0,conv. 0,conv. 1,conv. 0,conv. 1,conv. 0,conv. 1,conv. 0,conv. 1,conv. 0,conv. 1,conv. 0,conv. 1,conv. 0,conv. 1,conv. 0,conv. 1,conv. 0,conv. 1
ReLU ResNet20,30.697674418604652,9.209383145091225,9.296264118158124,7.9930495221546485,8.644656820156385,9.079061685490878,8.297132927888793,3.126356925749023,2.539613631430432,2.669850227914044,2.3442587367050143,1.9752550466681138,1.6279574560451486,0.6131307650569723,0.3689436275839618,0.4313385057783083,0.17090770983668818,0.13292821876186858,0.021702566328468342
univ. rational ResNet20,11.395348837209303,5.690703735881842,3.8662033014769763,3.0842745438748915,2.823631624674196,3.475238922675934,2.4761077324066028,0.6947459834997829,0.3147384415020621,0.5643585847623183,0.5969177338832212,0.8790970262643802,0.7271543303668331,0.03798155181768855,0.010851283164234171,0.13835386034398567,0.10580001085128317,0.005425641582117086,0.013564103955292714
mix. exp. ResNet20,15.813953488372093,7.645525629887055,5.039096437880104,4.995655951346655,3.9965247610773242,4.126846220677671,3.518679409209383,1.9756838905775076,0.792272628608639,1.1178641198176689,0.9008031256783156,1.0527458215758627,0.922509225092251,0.15735214324470972,0.0569692366122294,0.2360154088220932,0.189897455374098,0.11122565243340025,0.032553849492702513
