,Layer 0,Layer 1,,,,,,Layer 2,,,,,,Layer 3,,,,,
,,BasicBlock 0,,BasicBlock 1,,BasicBlock 2,,BasicBlock 0,,BasicBlock 1,,BasicBlock 2,,BasicBlock 0,,BasicBlock 1,,BasicBlock 2,
,conv. 0,conv. 0,conv. 1,conv. 0,conv. 1,conv. 0,conv. 1,conv. 0,conv. 1,conv. 0,conv. 1,conv. 0,conv. 1,conv. 0,conv. 1,conv. 0,conv. 1,conv. 0,conv. 1
ReLU ResNet20,28.372093023255815,8.644656820156385,7.90616854908775,6.2988705473501305,6.516072980017376,6.689834926151173,6.2988705473501305,3.017802865827182,2.3334056869980464,2.2031690905144345,2.0078141957890168,1.812459301063599,1.367484263077925,0.3364080303852415,0.19532309695621508,0.20617438012044925,0.11122565243340025,0.08952308610493191,0.021702566328468342
univ. rational ResNet20,20.930232558139537,8.42745438748914,5.039096437880104,5.690703735881842,5.386620330147697,5.473501303214596,4.474370112945265,1.8237082066869301,0.9116561753852833,1.1178641198176689,1.269806815715216,1.367484263077925,1.20468851747341,0.2875746066196419,0.1275025771797515,0.284846183061147,0.2712820791058543,0.18175899300092235,0.13292821876186858
mix. exp. ResNet20,20.232558139534884,13.292788879235447,9.730668983492615,9.165942658557777,10.251954821894005,10.425716768027803,8.731537793223284,2.605297438124186,2.2031690905144345,2.289993488170176,2.3659648361189496,2.4636422834816583,2.1706099413935314,0.6456863809007054,0.41777440182301556,0.6727795561825186,0.6537898106451088,0.6076718571971136,0.3879333731213716
