,Layer 0,Layer 1,,,,,Layer 2,,,,,Layer 3,,,
,,BasicBlock 0,,BasicBlock 1,,BasicBlock 0,,,BasicBlock 1,,BasicBlock 0,,,BasicBlock 1,
,conv. 0,conv. 0,conv. 1,conv. 0,conv. 1,conv. 0,conv. 1,conv. 2,conv. 0,conv. 1,conv. 0,conv. 1,conv. 2,conv. 0,conv. 1
test,53.48837209302326,54.17028670721112,50.695047784535184,52.215464813205905,51.911381407471765,36.32218844984803,35.7065335359236,75.88235294117646,35.413501193835465,35.576296939439985,19.35973955507325,19.619119960935382,66.6177908113392,19.35868916499376,19.28544300363518
