Percentage of Weights pruned,Test Accuracy
0,31.4920098340504
tensor(50.0006),31.753226797787338
