Percentage of Weights pruned,Test Accuracy
0,32.14121081745544
tensor(50.0006),35.391057160417944
