,Layer 0,Layer 1,,,,,,Layer 2,,,,,,,Layer 3,,,,,,,,
,,BasicBlock 0,,BasicBlock 1,,BasicBlock 2,,BasicBlock 0,,,BasicBlock 1,,BasicBlock 2,,BasicBlock 0,,,BasicBlock 1,,BasicBlock 2,,Total weights,Remained in %
,conv 0,conv. 0,conv. 1,conv. 0,conv. 1,conv. 0,conv. 1,conv. 0,conv. 1,conv. 2,conv. 0,conv. 1,conv. 0,conv. 1,conv. 0,conv. 1,conv. 2,conv. 0,conv. 1,conv. 0,conv. 1,,
Original Model,430,2302,2302,2302,2302,2302,2302,4606,9214,510,9214,9214,9214,9214,18430,36862,2046,36862,36862,36862,36862,270214,100.0
ReLU ResNet20,122,187,156,164,164,165,139,150,190,147,213,188,174,149,109,122,267,154,54,42,11,3067,1.135026312478258
univ. rational ResNet20,71,196,122,125,113,113,112,72,112,148,112,122,133,128,63,65,199,148,163,82,45,2444,0.9044683103022049
mix. exp. ResNet20,70,248,150,172,129,148,129,98,120,151,192,133,166,172,91,110,293,236,176,57,26,3067,1.135026312478258
