,Layer 0,Layer 1,,,,,,Layer 2,,,,,,,Layer 3,,,,,,,,
,,BasicBlock 0,,BasicBlock 1,,BasicBlock 2,,BasicBlock 0,,,BasicBlock 1,,BasicBlock 2,,BasicBlock 0,,,BasicBlock 1,,BasicBlock 2,,Total weights,Remained in %
,conv 0,conv. 0,conv. 1,conv. 0,conv. 1,conv. 0,conv. 1,conv. 0,conv. 1,conv. 2,conv. 0,conv. 1,conv. 0,conv. 1,conv. 0,conv. 1,conv. 2,conv. 0,conv. 1,conv. 0,conv. 1,,
Original Model,430,2302,2302,2302,2302,2302,2302,4606,9214,510,9214,9214,9214,9214,18430,36862,2046,36862,36862,36862,36862,270214,100.0
ReLU ResNet20,121,217,168,166,160,179,148,119,200,152,197,199,188,130,104,114,247,148,62,34,14,3067,1.135026312478258
univ. rational ResNet20,69,138,140,103,91,99,94,55,55,99,93,103,110,103,41,54,165,133,123,57,20,1945,0.7197998623313374
mix. exp. ResNet20,75,293,193,158,149,187,128,76,114,159,152,143,160,164,92,102,269,202,158,59,34,3067,1.135026312478258
