,Layer 0,Layer 1,,,,,,Layer 2,,,,,,Layer 3,,,,,
,,BasicBlock 0,,BasicBlock 1,,BasicBlock 2,,BasicBlock 0,,BasicBlock 1,,BasicBlock 2,,BasicBlock 0,,BasicBlock 1,,BasicBlock 2,
,conv. 0,conv. 0,conv. 1,conv. 0,conv. 1,conv. 0,conv. 1,conv. 0,conv. 1,conv. 0,conv. 1,conv. 0,conv. 1,conv. 0,conv. 1,conv. 0,conv. 1,conv. 0,conv. 1
ReLU ResNet20,29.302325581395348,10.5125977410947,9.556907037358819,8.861859252823631,8.94874022589053,8.774978279756732,6.602953953084275,3.3000434216239687,2.2791404384632084,2.528760581723464,2.311699587584111,2.387670935532885,1.6388105057521163,0.5642973412913728,0.30654874938961535,0.3689436275839618,0.17904617220986382,0.2034615593293907,0.043405132656936685
univ. rational ResNet20,13.488372093023257,6.950477845351868,3.7793223284100783,3.9965247610773242,3.69244135534318,4.21372719374457,3.649000868809731,1.4546244029526705,0.7380073800738007,1.1612763186455395,1.041892771868895,1.074451920989798,1.041892771868895,0.2333152468800868,0.13292821876186858,0.2929846454343226,0.2522923335684445,0.07867180294069774,0.04611795344799523
mix. exp. ResNet20,14.186046511627907,7.9930495221546485,4.430929626411816,3.9965247610773242,3.953084274543875,4.474370112945265,3.735881841876629,0.8901432913590969,0.47753418710657697,1.041892771868895,1.0527458215758627,0.9333622747992186,1.074451920989798,0.20618556701030927,0.11122565243340025,0.3119743909717324,0.30112310780749824,0.07867180294069774,0.05154359503011231
