,Layer 0,Layer 1,,,,,,Layer 2,,,,,,Layer 3,,,,,
,,BasicBlock 0,,BasicBlock 1,,BasicBlock 2,,BasicBlock 0,,BasicBlock 1,,BasicBlock 2,,BasicBlock 0,,BasicBlock 1,,BasicBlock 2,
,conv. 0,conv. 0,conv. 1,conv. 0,conv. 1,conv. 0,conv. 1,conv. 0,conv. 1,conv. 0,conv. 1,conv. 0,conv. 1,conv. 0,conv. 1,conv. 0,conv. 1,conv. 0,conv. 1
ReLU ResNet20,25.58139534883721,10.251954821894005,7.558644656820157,5.039096437880104,6.86359687228497,7.645525629887055,6.602953953084275,2.692140686061659,2.0078141957890168,1.8233123507705666,1.9101367484263079,1.812459301063599,1.3132190145430866,0.36353771025501896,0.23058976723997612,0.2685692583147957,0.13021539797081005,0.13021539797081005,0.0379794910748196
univ. rational ResNet20,14.186046511627907,7.688966116420504,5.039096437880104,4.9522154648132055,4.5178105994787146,5.125977410947002,3.518679409209383,1.4329135909683022,0.7380073800738007,1.4868678098545691,1.1395702192316042,1.1612763186455395,0.9550683742131539,0.10851871947911014,0.035266670283761056,0.189897455374098,0.18718463458303944,0.04069231186587814,0.016276924746351257
mix. exp. ResNet20,37.44186046511628,28.062554300608166,24.37011294526499,25.76020851433536,22.980017376194613,25.89052997393571,24.804517810599478,9.531046461137647,8.7584111135229,9.116561753852833,8.888647710006511,9.68092033861515,10.538311265465596,3.8198589256646773,2.7562259237154794,3.22011827898649,2.777928490043948,2.4768053822364493,3.808800390646194
