Percentage of Weights pruned,Test Accuracy
0,25.82974800245851
tensor(50.0070),27.712046711739397
