Percentage of Weights pruned,Test Accuracy
0,22.307160417947138
tensor(50.0070),26.25230485556238
