Percentage of Weights pruned,Test Accuracy
0,19.52212661339889
tensor(50.0070),19.549016594960047
