Percentage of Weights pruned,Test Accuracy
0,21.838506453595574
tensor(50.0070),23.436539643515673
