Percentage of Weights pruned,Test Accuracy
0,24.892440073755377
tensor(50.0070),27.80039950829748
