Percentage of Weights pruned,Test Accuracy
0,27.677473878303626
tensor(50.0070),28.345881991395206
