Percentage of Weights pruned,Test Accuracy
0,25.729870928088506
tensor(50.0070),25.003841425937306
