Percentage of Weights pruned,Test Accuracy
0,24.062692071296862
tensor(50.0070),26.49431468961278
