Percentage of Weights pruned,Test Accuracy
0,30.54317762753534
tensor(50.0006),36.3360479409957
