Percentage of Weights pruned,Test Accuracy
0,54.43684695759066
tensor(50.0006),77.01674861708666
tensor(75.0012),81.53042409342348
