Percentage of Weights pruned,Test Accuracy
0,65.64228641671788
tensor(50.0006),76.409803318992
tensor(75.0012),82.5138291333743
