Percentage of Weights pruned,Test Accuracy
0,33.74308543331284
tensor(50.0006),45.2059004302397
