Percentage of Weights pruned,Test Accuracy
0.0,29.50983405039951
20.000671,46.37369391518131
