Percentage of Weights pruned,Test Accuracy
0,29.479102642901044
tensor(50.0004),38.483405039950824
