Percentage of Weights pruned,Test Accuracy
0,32.556084818684695
tensor(50.0004),50.52243392747388
