Percentage of Weights pruned,Test Accuracy
0,74.10878918254456
tensor(20.0007),82.09127228027043
tensor(36.0010),83.07851874615857
