Percentage of Weights pruned,Test Accuracy
0.0,84.1579594345421
20.000671,87.16963736939151
