Percentage of Weights pruned,Test Accuracy
0.0,31.887676705593115
20.000671,52.562231100184384
