Percentage of Weights pruned,Test Accuracy
0.0,39.03272894898586
20.000671,54.27550706822372
