Percentage of Weights pruned,Test Accuracy
0.0,38.671634910878915
20.000671,53.722341733251376
