Percentage of Weights pruned,Test Accuracy
0,33.224492931776275
tensor(50.0004),58.10925015365703
