Percentage of Weights pruned,Test Accuracy
0.0,33.42040565457898
20.000671,50.437922556853096
