Percentage of Weights pruned,Test Accuracy
0,32.15657652120466
tensor(50.0004),50.30347264904732
