Percentage of Weights pruned,Test Accuracy
tensor(0.),31.61877688998156
tensor(20.0007),29.586662569145666
