Percentage of Weights pruned,Test Accuracy
tensor(0.),36.243853718500304
tensor(20.0007),50.872003687768895
