Percentage of Weights pruned,Test Accuracy
0.0,29.417639827904114
20.000671,38.199139520590045
