Percentage of Weights pruned,Test Accuracy
0.0,31.123232944068835
20.000671,32.44468346650276
