Percentage of Weights pruned,Test Accuracy
tensor(0.),29.932390903503375
tensor(20.0007),37.30408727719729
