Percentage of Weights pruned,Test Accuracy
tensor(0.),30.470190534726488
tensor(20.0007),35.86739397664413
