Percentage of Weights pruned,Test Accuracy
0.0,30.7659803318992
20.000671,31.96834665027658
