Percentage of Weights pruned,Test Accuracy
0.0,30.197449293177627
20.000671,34.37692071296865
