Percentage of Weights pruned,Test Accuracy
0.0,32.75968039336201
20.000671,35.25276582667486
