Percentage of Weights pruned,Test Accuracy
tensor(0.),28.115396435156725
tensor(20.0007),32.494622003687766
