Percentage of Weights pruned,Test Accuracy
tensor(0.),30.454824830977255
tensor(20.0007),38.51029502151198
