Percentage of Weights pruned,Test Accuracy
0.0,29.321604179471418
20.000671,32.125845113706205
