Percentage of Weights pruned,Test Accuracy
0.0,83.10540872771972
20.000671,82.7059004302397
