Percentage of Weights pruned,Test Accuracy
tensor(0.),33.401198524892436
tensor(20.0007),36.10172095881991
