Percentage of Weights pruned,Test Accuracy
tensor(0.),24.746465888137674
tensor(20.0007),37.108174554394594
