Percentage of Weights pruned,Test Accuracy
tensor(0.),19.549016594960047
tensor(20.0007),19.549016594960047
