Percentage of Weights pruned,Test Accuracy
0.0,19.556699446834664
20.000671,38.199139520590045
