Percentage of Weights pruned,Test Accuracy
tensor(0.),34.56130915795943
tensor(20.0007),47.049784880147506
