Percentage of Weights pruned,Test Accuracy
0.0,19.549016594960047
20.000671,19.479870928088506
