Percentage of Weights pruned,Test Accuracy
0.0,49.458358942839574
20.000671,70.94729563614013
