Percentage of Weights pruned,Test Accuracy
0.0,28.683927473878303
20.000671,43.51951444376152
