Percentage of Weights pruned,Test Accuracy
0.0,28.50338045482483
20.000671,49.08574062692071
