Percentage of Weights pruned,Test Accuracy
0.0,87.19652735095266
20.000671,88.26828518746159
